{"session": 1, "timestamp": "2025-04-19 04:17:23", "count": 25, "confidence": 0.7549101543426514, "method": "statistical", "duration": 29.82323122024536, "ratio": 1.1470962762832642}