{"session": 1, "timestamp": "2025-05-13 16:00:47", "count": 6, "confidence": 0.5674703121185303, "method": "statistical", "duration": 29.813494205474854, "ratio": 1.623348593711853}