{"session": 1, "timestamp": "2025-06-05 08:45:53", "count": 11, "confidence": 0.6319091141223907, "method": "statistical", "duration": 29.9864444732666, "ratio": 2.232365131378174}