{"session": 1, "timestamp": "2025-05-13 16:01:37", "count": 7, "confidence": 0.5538230306572385, "method": "statistical", "duration": 29.87211298942566, "ratio": 1.5369380712509155}