{"session": 1, "timestamp": "2025-04-19 04:02:54", "count": 19, "confidence": 0.7780063591505352, "method": "statistical", "duration": 29.940314769744873, "ratio": 1.1183916330337524}