{"session": 1, "timestamp": "2025-04-19 14:12:00", "count": 24, "confidence": 0.7017513789512493, "method": "statistical", "duration": 29.869699001312256, "ratio": 1.195860743522644}