{"session": 1, "timestamp": "2025-06-04 17:36:30", "count": 0, "confidence": 0.336691290140152, "method": "statistical", "duration": 29.857829809188843, "ratio": 0.35615116357803345}