{"session": 1, "timestamp": "2025-05-13 15:54:23", "count": 14, "confidence": 0.4957646857947111, "method": "statistical", "duration": 29.815282821655273, "ratio": 1.4796608686447144}