{"session": 1, "timestamp": "2025-06-04 20:14:58", "count": 53, "confidence": 0.5585071422019094, "method": "statistical", "duration": 29.627809524536133, "ratio": 1.556115984916687}