{"session": 1, "timestamp": "2025-04-19 04:08:42", "count": 23, "confidence": 0.7353594720363616, "method": "statistical", "duration": 29.80911612510681, "ratio": 1.1451483964920044}