{"session": 1, "timestamp": "2025-04-19 03:52:05", "count": 12, "confidence": 0.6967036596366337, "method": "statistical", "duration": 29.98768901824951, "ratio": 1.2338746786117554}