{"session": 1, "timestamp": "2025-04-20 09:54:24", "count": 5, "confidence": 0.4027250349521637, "method": "statistical", "duration": 29.78318691253662, "ratio": 0.8857725858688354}