{"session": 1, "timestamp": "2025-05-13 15:52:21", "count": 15, "confidence": 0.5288623094558715, "method": "statistical", "duration": 29.780845642089844, "ratio": 1.38618004322052}