{"session": 1, "timestamp": "2025-06-04 17:38:28", "count": 1, "confidence": 0.2601255476474762, "method": "statistical", "duration": 29.831509828567505, "ratio": 1.5539426803588867}