{"session": 1, "timestamp": "2025-05-13 15:22:48", "count": 1, "confidence": 0.7347292304039001, "method": "statistical", "duration": 29.826355457305908, "ratio": 1.9915103912353516}