{"session": 1, "timestamp": "2025-05-13 15:19:09", "count": 4, "confidence": 0.49374987185001373, "method": "statistical", "duration": 29.908074378967285, "ratio": 1.5119818449020386}