{"session": 1, "timestamp": "2025-05-13 15:59:12", "count": 7, "confidence": 0.5338206035750253, "method": "statistical", "duration": 29.895156621932983, "ratio": 1.7531163692474365}