{"session": 1, "timestamp": "2025-04-19 03:55:22", "count": 11, "confidence": 0.7376633882522583, "method": "statistical", "duration": 29.994174242019653, "ratio": 1.1995301246643066}