{"session": 1, "timestamp": "2025-04-19 03:57:04", "count": 13, "confidence": 0.7693763352357424, "method": "statistical", "duration": 29.932072162628174, "ratio": 1.165145993232727}