{"session": 1, "timestamp": "2025-04-19 04:01:08", "count": 19, "confidence": 0.7737884678338703, "method": "statistical", "duration": 29.827015161514282, "ratio": 1.1309531927108765}