{"session": 1, "timestamp": "2025-04-19 04:10:57", "count": 24, "confidence": 0.7243201097716456, "method": "statistical", "duration": 29.742341995239258, "ratio": 1.1594314575195312}