{"session": 1, "timestamp": "2025-05-13 16:05:39", "count": 5, "confidence": 0.3999478220939636, "method": "statistical", "duration": 29.96534824371338, "ratio": 1.8107857704162598}