{"session": 1, "timestamp": "2025-04-19 14:11:23", "count": 24, "confidence": 0.7623315366605917, "method": "statistical", "duration": 29.959275007247925, "ratio": 1.145972490310669}