{"session": 1, "timestamp": "2025-06-04 20:14:17", "count": 54, "confidence": 0.6009358137845993, "method": "statistical", "duration": 29.610077619552612, "ratio": 1.6084325313568115}