{"session": 1, "timestamp": "2025-05-13 15:58:14", "count": 8, "confidence": 0.5583882480859756, "method": "statistical", "duration": 29.904907941818237, "ratio": 1.7537376880645752}