{"session": 1, "timestamp": "2025-06-04 17:33:49", "count": 0, "confidence": 0.2721530795097351, "method": "statistical", "duration": 29.815155506134033, "ratio": 0.2836085855960846}