{"session": 1, "timestamp": "2025-04-19 14:05:52", "count": 26, "confidence": 0.7113408017158508, "method": "statistical", "duration": 29.925341606140137, "ratio": 1.1590567827224731}