{"session": 1, "timestamp": "2025-04-19 13:59:48", "count": 25, "confidence": 0.7333342099189758, "method": "statistical", "duration": 29.949807167053223, "ratio": 1.1441848278045654}