{"session": 1, "timestamp": "2025-04-19 14:13:15", "count": 25, "confidence": 0.7333342099189758, "method": "statistical", "duration": 29.800447702407837, "ratio": 1.1441848278045654}