{"session": 1, "timestamp": "2025-04-19 04:24:32", "count": 25, "confidence": 0.7333342099189758, "method": "statistical", "duration": 29.808438777923584, "ratio": 1.1441848278045654}