{"session": 1, "timestamp": "2025-05-13 15:24:41", "count": 1, "confidence": 0.29958513379096985, "method": "statistical", "duration": 29.954516887664795, "ratio": 0.915989875793457}