{"session": 1, "timestamp": "2025-04-19 04:18:02", "count": 25, "confidence": 0.7111069448292255, "method": "statistical", "duration": 29.998125314712524, "ratio": 1.186582088470459}