{"session": 1, "timestamp": "2025-04-20 09:53:23", "count": 4, "confidence": 0.41508954018354416, "method": "statistical", "duration": 29.968665599822998, "ratio": 0.8663229942321777}