{"session": 1, "timestamp": "2025-04-19 03:11:30", "count": 13, "confidence": 0.7807872763701847, "method": "statistical", "duration": 29.950608491897583, "ratio": 1.114310622215271}