{"session": 1, "timestamp": "2025-07-19 16:39:48", "count": 26, "confidence": 0.7190263050573843, "method": "statistical", "duration": 29.875781774520874, "ratio": 1.177613615989685}