{"session": 1, "timestamp": "2025-04-19 03:53:11", "count": 11, "confidence": 0.7370976263826544, "method": "statistical", "duration": 29.953317403793335, "ratio": 1.2021821737289429}