{"session": 1, "timestamp": "2025-06-04 17:27:45", "count": 0, "confidence": 0.28427445888519287, "method": "statistical", "duration": 29.829203367233276, "ratio": 0.3039743900299072}