{"session": 1, "timestamp": "2025-05-13 15:27:42", "count": 4, "confidence": 0.6354045122861862, "method": "statistical", "duration": 29.73798131942749, "ratio": 1.2500962018966675}