{"session": 1, "timestamp": "2025-04-19 03:13:48", "count": 13, "confidence": 0.7968519876400629, "method": "statistical", "duration": 29.9414381980896, "ratio": 1.1095479726791382}