{"session": 1, "timestamp": "2025-04-19 14:09:10", "count": 25, "confidence": 0.7353594720363616, "method": "statistical", "duration": 29.85454487800598, "ratio": 1.1476010084152222}