{"session": 1, "timestamp": "2025-06-04 17:37:09", "count": 0, "confidence": 0.30139121413230896, "method": "statistical", "duration": 29.985982418060303, "ratio": 0.786131739616394}