{"session": 1, "timestamp": "2025-05-13 15:50:58", "count": 12, "confidence": 0.5708880484104156, "method": "statistical", "duration": 29.936639308929443, "ratio": 1.594120979309082}