{"session": 1, "timestamp": "2025-06-04 20:13:22", "count": 51, "confidence": 0.5533606941049749, "method": "statistical", "duration": 29.78804326057434, "ratio": 1.5051618814468384}