{"session": 1, "timestamp": "2025-04-19 12:37:21", "count": 26, "confidence": 0.7496195722084779, "method": "statistical", "duration": 29.798057079315186, "ratio": 1.1482152938842773}