{"session": 1, "timestamp": "2025-04-19 12:46:22", "count": 7, "confidence": 0.5628936178982258, "method": "statistical", "duration": 29.91265344619751, "ratio": 1.8910143375396729}