{"session": 1, "timestamp": "2025-04-23 15:46:35", "count": 11, "confidence": 0.5878234803676605, "method": "statistical", "duration": 29.966262102127075, "ratio": 1.5646146535873413}