{"session": 1, "timestamp": "2025-04-19 14:18:41", "count": 24, "confidence": 0.7318554127216339, "method": "statistical", "duration": 29.7108793258667, "ratio": 1.1990927457809448}