{"session": 1, "timestamp": "2025-04-19 03:30:39", "count": 12, "confidence": 0.7556350881403143, "method": "statistical", "duration": 29.942251920700073, "ratio": 1.153720736503601}