{"session": 1, "timestamp": "2025-04-19 04:05:31", "count": 18, "confidence": 0.7787619280187708, "method": "statistical", "duration": 29.787936687469482, "ratio": 1.1252774000167847}