{"session": 1, "timestamp": "2025-05-13 15:18:24", "count": 1, "confidence": 0.8528193235397339, "method": "statistical", "duration": 29.82185387611389, "ratio": 1.4943528175354004}