{"session": 1, "timestamp": "2025-05-13 15:59:57", "count": 8, "confidence": 0.670329112559557, "method": "statistical", "duration": 29.982402801513672, "ratio": 1.7729054689407349}