{"session": 1, "timestamp": "2025-04-19 12:30:27", "count": 26, "confidence": 0.7170037961006165, "method": "statistical", "duration": 29.98448610305786, "ratio": 1.1632912158966064}