{"session": 1, "timestamp": "2025-04-19 14:05:18", "count": 25, "confidence": 0.7220968127250671, "method": "statistical", "duration": 29.88092279434204, "ratio": 1.1419620513916016}