{"session": 1, "timestamp": "2025-06-04 20:12:38", "count": 47, "confidence": 0.5505529853204886, "method": "statistical", "duration": 29.719970703125, "ratio": 1.5418815612792969}