{"session": 1, "timestamp": "2025-04-20 09:52:26", "count": 5, "confidence": 0.4092769920825958, "method": "statistical", "duration": 29.801207304000854, "ratio": 0.8751010298728943}