{"session": 1, "timestamp": "2025-05-13 16:06:19", "count": 3, "confidence": 0.4891473352909088, "method": "statistical", "duration": 29.904860258102417, "ratio": 1.3738824129104614}