{"session": 1, "timestamp": "2025-06-05 08:47:33", "count": 20, "confidence": 0.6674966419997969, "method": "statistical", "duration": 29.94544219970703, "ratio": 1.9414138793945312}