{"session": 1, "timestamp": "2025-05-13 16:07:49", "count": 5, "confidence": 0.4485470950603485, "method": "statistical", "duration": 29.91062092781067, "ratio": 1.2933213710784912}