{"session": 1, "timestamp": "2025-04-19 03:16:42", "count": 14, "confidence": 0.8148804477282933, "method": "statistical", "duration": 29.98533034324646, "ratio": 1.10594642162323}