{"session": 1, "timestamp": "2025-04-19 14:06:48", "count": 26, "confidence": 0.7325819035371145, "method": "statistical", "duration": 29.854943990707397, "ratio": 1.1394823789596558}