{"session": 1, "timestamp": "2025-04-19 04:22:55", "count": 21, "confidence": 0.7471916110892045, "method": "statistical", "duration": 29.845829725265503, "ratio": 1.1417033672332764}