{"session": 1, "timestamp": "2025-04-23 15:48:34", "count": 9, "confidence": 0.5782955884933472, "method": "statistical", "duration": 29.882118225097656, "ratio": 1.625303030014038}