{"session": 1, "timestamp": "2025-05-13 15:25:25", "count": 4, "confidence": 0.7407162388165792, "method": "statistical", "duration": 29.87173366546631, "ratio": 1.3900645971298218}