{"session": 1, "timestamp": "2025-04-19 03:42:25", "count": 11, "confidence": 0.7538841041651639, "method": "statistical", "duration": 29.97566795349121, "ratio": 1.1767841577529907}