{"session": 1, "timestamp": "2025-04-19 03:19:20", "count": 14, "confidence": 0.7885525141443525, "method": "statistical", "duration": 29.92728543281555, "ratio": 1.1064045429229736}