{"session": 1, "timestamp": "2025-04-29 08:59:13", "count": 25, "confidence": 0.6867844486236572, "method": "statistical", "duration": 29.831169366836548, "ratio": 1.1543047428131104}