{"session": 1, "timestamp": "2025-05-13 15:53:03", "count": 14, "confidence": 0.6106335659821828, "method": "statistical", "duration": 29.90561604499817, "ratio": 1.3693805932998657}