{"session": 1, "timestamp": "2025-05-13 16:07:02", "count": 4, "confidence": 0.6046827495098114, "method": "statistical", "duration": 29.939311265945435, "ratio": 1.380084753036499}