{"session": 1, "timestamp": "2025-04-19 03:09:15", "count": 13, "confidence": 0.7808145071778979, "method": "statistical", "duration": 29.82012701034546, "ratio": 1.1134127378463745}