{"session": 1, "timestamp": "2025-06-04 17:37:49", "count": 0, "confidence": 0.35190871357917786, "method": "statistical", "duration": 29.954997062683105, "ratio": 2.6803598403930664}