{"session": 1, "timestamp": "2025-04-19 14:12:37", "count": 25, "confidence": 0.735075865983963, "method": "statistical", "duration": 29.906866550445557, "ratio": 1.1429558992385864}