{"session": 1, "timestamp": "2025-04-19 03:38:44", "count": 11, "confidence": 0.7571402842348273, "method": "statistical", "duration": 29.936657667160034, "ratio": 1.179132342338562}