{"session": 1, "timestamp": "2025-04-19 12:31:54", "count": 25, "confidence": 0.7640383144219717, "method": "statistical", "duration": 29.796945333480835, "ratio": 1.1453197002410889}