{"session": 1, "timestamp": "2025-04-19 04:28:43", "count": 26, "confidence": 0.7376877860381053, "method": "statistical", "duration": 29.910592317581177, "ratio": 1.2309170961380005}