{"session": 1, "timestamp": "2025-04-19 13:56:32", "count": 19, "confidence": 0.77527726524406, "method": "statistical", "duration": 29.972587823867798, "ratio": 1.2161521911621094}