{"session": 1, "timestamp": "2025-06-04 20:10:39", "count": 56, "confidence": 0.5663139312936548, "method": "statistical", "duration": 29.718215465545654, "ratio": 1.635360836982727}