{"session": 1, "timestamp": "2025-06-04 20:16:00", "count": 54, "confidence": 0.5549643684517254, "method": "statistical", "duration": 29.91806650161743, "ratio": 1.6246784925460815}