{"session": 1, "timestamp": "2025-05-13 16:08:29", "count": 2, "confidence": 0.5331130400300026, "method": "statistical", "duration": 29.84941816329956, "ratio": 1.541247844696045}