{"session": 1, "timestamp": "2025-04-29 08:58:29", "count": 25, "confidence": 0.7010542085537543, "method": "statistical", "duration": 29.824168920516968, "ratio": 1.139129400253296}