{"session": 1, "timestamp": "2025-04-19 04:07:43", "count": 21, "confidence": 0.7725657969713211, "method": "statistical", "duration": 29.894781351089478, "ratio": 1.1315901279449463}