{"session": 1, "timestamp": "2025-06-04 17:35:12", "count": 0, "confidence": 0.0, "method": "statistical", "duration": 29.889881372451782, "ratio": 0.12966690957546234}