{"session": 1, "timestamp": "2025-05-13 15:49:10", "count": 5, "confidence": 0.5691246330738068, "method": "statistical", "duration": 29.798784971237183, "ratio": 1.0783841609954834}