{"session": 1, "timestamp": "2025-05-13 15:41:34", "count": 5, "confidence": 0.714615923166275, "method": "statistical", "duration": 29.818718671798706, "ratio": 2.1219396591186523}