{"session": 1, "timestamp": "2025-04-19 13:57:22", "count": 24, "confidence": 0.7017513789512493, "method": "statistical", "duration": 29.710392713546753, "ratio": 1.195860743522644}