{"session": 1, "timestamp": "2025-05-13 16:04:09", "count": 3, "confidence": 0.590688039859136, "method": "statistical", "duration": 29.98989748954773, "ratio": 1.8104485273361206}