{"session": 1, "timestamp": "2025-05-13 15:46:55", "count": 5, "confidence": 0.6936329230666161, "method": "statistical", "duration": 29.89571762084961, "ratio": 1.6976149082183838}