{"session": 1, "timestamp": "2025-04-19 13:22:24", "count": 4, "confidence": 0.43410117030143736, "method": "statistical", "duration": 29.899962186813354, "ratio": 2.0672624111175537}