{"session": 1, "timestamp": "2025-05-13 15:46:17", "count": 5, "confidence": 0.6461035728454589, "method": "statistical", "duration": 29.866427421569824, "ratio": 1.421285629272461}