{"session": 1, "timestamp": "2025-12-20 16:33:38", "count": 29, "confidence": 0.7300536873248907, "method": "statistical", "duration": 17.746297121047974, "ratio": 1.3398147821426392, "biomass": 424.1881748630963}