{"session": 1, "timestamp": "2025-12-20 15:52:11", "count": 14, "confidence": 0.6390541304241527, "method": "statistical", "duration": 47.90720772743225, "ratio": 1.7052804231643677, "biomass": 110.21849009518037}