{"session": 1, "timestamp": "2025-12-20 13:56:57", "count": 28, "confidence": 0.7543836488173559, "method": "statistical", "duration": 45.20066213607788, "ratio": 1.4219996929168701, "biomass": 419.433663830937}