{"session": 1, "timestamp": "2025-12-20 15:44:20", "count": 28, "confidence": 0.7530224908281256, "method": "statistical", "duration": 89.76320505142212, "ratio": 1.5870282649993896, "biomass": 426.8417416851444}