{"session": 1, "timestamp": "2025-12-20 21:32:05", "count": 28, "confidence": 0.775084844657353, "method": "statistical", "duration": 54.85581874847412, "ratio": 1.559230089187622, "biomass": 422.4582262520084}