{"session": 1, "timestamp": "2025-12-20 15:36:56", "count": 29, "confidence": 0.7653563345472018, "method": "statistical", "duration": 0, "ratio": 1.3150421380996704, "biomass": 0}