{"session": 1, "timestamp": "2025-11-22 00:41:58", "count": 15, "confidence": 0.7660955935716629, "method": "statistical", "duration": 0, "ratio": 1.2506378889083862, "biomass": 0}