{"session": 1, "timestamp": "2025-11-22 23:26:35", "count": 14, "confidence": 0.722730074937527, "method": "statistical", "duration": 44.94767928123474, "ratio": 1.5465737581253052, "biomass": 0}