{"session": 1, "timestamp": "2025-12-27 11:04:21", "count": 29, "confidence": 0.7580613470994509, "method": "statistical", "duration": 17.668137550354004, "ratio": 1.339129090309143, "biomass": 425.17931382292755}