{"session": 1, "timestamp": "2025-12-20 17:05:34", "count": 29, "confidence": 0.7609094452857971, "method": "statistical", "duration": 17.81802988052368, "ratio": 1.3402544260025024, "biomass": 424.408427965281}