{"session": 1, "timestamp": "2025-12-20 22:20:15", "count": 29, "confidence": 0.7563154672582945, "method": "statistical", "duration": 15.051166534423828, "ratio": 1.362025499343872, "biomass": 421.417091944732}