{"session": 1, "timestamp": "2025-12-20 16:15:32", "count": 28, "confidence": 0.7631720205148061, "method": "statistical", "duration": 52.714428186416626, "ratio": 1.4646908044815063, "biomass": 419.0341321449867}