{"session": 1, "timestamp": "2025-12-20 15:36:22", "count": 29, "confidence": 0.75401402592659, "method": "statistical", "duration": 0, "ratio": 1.3402949571609497, "biomass": 0}