{"session": 1, "timestamp": "2025-11-25 15:50:40", "count": 28, "confidence": 0.7379889704964377, "method": "statistical", "duration": 45.00069260597229, "ratio": 1.4039654731750488, "biomass": 103.16596396033451}