{"session": 1, "timestamp": "2025-11-23 00:51:17", "count": 14, "confidence": 0.7302694022655487, "method": "statistical", "duration": 47.6514687538147, "ratio": 1.4898678064346313, "biomass": 29.743031883874817}