{"session": 1, "timestamp": "2025-12-20 17:08:18", "count": 29, "confidence": 0.75401402592659, "method": "statistical", "duration": 17.084179639816284, "ratio": 1.3402949571609497, "biomass": 424.2983014141887}