{"session": 1, "timestamp": "2025-12-27 09:16:09", "count": 29, "confidence": 0.7788807128866514, "method": "statistical", "duration": 16.387235164642334, "ratio": 1.3401200771331787, "biomass": 424.8489341696505}