{"session": 1, "timestamp": "2025-12-20 16:05:38", "count": 29, "confidence": 0.7609094452857971, "method": "statistical", "duration": 17.872748374938965, "ratio": 1.3402544260025024, "biomass": 424.51855451637346}