{"session": 1, "timestamp": "2025-12-20 17:06:06", "count": 29, "confidence": 0.7694207000732421, "method": "statistical", "duration": 17.136850118637085, "ratio": 1.3406428098678589, "biomass": 424.51855451637346}