{"session": 1, "timestamp": "2025-11-22 19:58:31", "count": 25, "confidence": 0.7709678877954897, "method": "statistical", "duration": 51.532201051712036, "ratio": 1.4166659116744995, "biomass": 1103.7250239892257}