{"session": 1, "timestamp": "2025-12-20 15:56:02", "count": 29, "confidence": 0.7418680364886919, "method": "statistical", "duration": 33.95211458206177, "ratio": 1.3905943632125854, "biomass": 419.6628792214533}