{"session": 1, "timestamp": "2025-11-22 23:21:01", "count": 17, "confidence": 0.6232425149749307, "method": "statistical", "duration": 44.902119636535645, "ratio": 1.4402849674224854, "biomass": 0}