{"session": 1, "timestamp": "2025-11-23 00:37:41", "count": 29, "confidence": 0.7563717464605967, "method": "statistical", "duration": 44.740830183029175, "ratio": 1.4063223600387573, "biomass": 103.73759916232763}