{"session": 1, "timestamp": "2025-11-22 23:41:02", "count": 28, "confidence": 0.7466352617740631, "method": "statistical", "duration": 44.82771301269531, "ratio": 1.4189603328704834, "biomass": 0}