{"session": 1, "timestamp": "2025-11-22 16:50:44", "count": 18, "confidence": 0.7630180915196737, "method": "statistical", "duration": 29.541735649108887, "ratio": 1.326672911643982, "biomass": 830.2760679701892}