{"session": 1, "timestamp": "2025-12-13 22:45:54", "count": 28, "confidence": 0.7696687164051192, "method": "statistical", "duration": 3.818906307220459, "ratio": 1.595626711845398, "biomass": 106.09065554463963}