{"session": 1, "timestamp": "2025-12-20 13:15:07", "count": 29, "confidence": 0.7012595534324646, "method": "statistical", "duration": 45.545517444610596, "ratio": 1.40432608127594, "biomass": 0}