{"session": 1, "timestamp": "2025-11-22 18:40:46", "count": 19, "confidence": 0.6490018493250796, "method": "statistical", "duration": 29.162148475646973, "ratio": 1.258249044418335, "biomass": 323.1903074136783}