{"session": 1, "timestamp": "2025-12-24 13:39:48", "count": 28, "confidence": 0.7862449265443362, "method": "statistical", "duration": 89.90171694755554, "ratio": 1.56265127658844, "biomass": 426.5773517434662}