{"session": 1, "timestamp": "2025-12-20 16:22:32", "count": 29, "confidence": 0.7618024408817291, "method": "statistical", "duration": 7.172884941101074, "ratio": 1.3406964540481567, "biomass": 426.3987254146389}