{"session": 1, "timestamp": "2025-12-24 13:32:06", "count": 29, "confidence": 0.7310481729606787, "method": "statistical", "duration": 15.11908507347107, "ratio": 1.3549331426620483, "biomass": 422.54259787103075}