{"session": 1, "timestamp": "2025-11-22 21:02:49", "count": 21, "confidence": 0.6763409779352301, "method": "statistical", "duration": 89.74855852127075, "ratio": 1.3192025423049927, "biomass": 336.6600060539471}