{"session": 1, "timestamp": "2025-11-22 00:37:52", "count": 16, "confidence": 0.7302984098593394, "method": "statistical", "duration": 0, "ratio": 1.3010799884796143, "biomass": 0}