{"session": 1, "timestamp": "2025-11-22 17:16:05", "count": 21, "confidence": 0.7507425546646118, "method": "statistical", "duration": 29.807663440704346, "ratio": 1.413726568222046, "biomass": 909.2343407919589}