{"session": 1, "timestamp": "2025-11-23 17:09:57", "count": 28, "confidence": 0.7301527995329636, "method": "statistical", "duration": 45.17468786239624, "ratio": 1.566619634628296, "biomass": 103.15759986043956}