{"session": 1, "timestamp": "2025-12-20 15:28:15", "count": 29, "confidence": 0.7527914171417555, "method": "statistical", "duration": 0, "ratio": 1.4011069536209106, "biomass": 0}