{"session": 1, "timestamp": "2025-11-22 23:28:58", "count": 28, "confidence": 0.7802815556526184, "method": "statistical", "duration": 44.804691791534424, "ratio": 1.5664652585983276, "biomass": 0}