{"session": 1, "timestamp": "2025-12-20 22:19:50", "count": 29, "confidence": 0.7629719687544781, "method": "statistical", "duration": 15.155073642730713, "ratio": 1.3662958145141602, "biomass": 405.13715070170247}