{"session": 1, "timestamp": "2025-12-20 11:24:22", "count": 29, "confidence": 0.7007202026636704, "method": "statistical", "duration": 38.73234796524048, "ratio": 1.4066983461380005, "biomass": 0}