{"session": 1, "timestamp": "2025-11-22 23:49:11", "count": 28, "confidence": 0.7528816969306381, "method": "statistical", "duration": 44.95769214630127, "ratio": 1.566529631614685, "biomass": 1127.3431359992094}