{"session": 1, "timestamp": "2025-12-20 15:21:39", "count": 28, "confidence": 0.7932663118397748, "method": "statistical", "duration": 0, "ratio": 1.558939814567566, "biomass": 0}