{"session": 1, "timestamp": "2025-11-22 16:26:01", "count": 11, "confidence": 0.7815267237333151, "method": "statistical", "duration": 29.992622137069702, "ratio": 1.5869433879852295, "biomass": 499.12561305218196}