{"session": 1, "timestamp": "2025-12-20 14:05:11", "count": 29, "confidence": 0.8032277950218746, "method": "statistical", "duration": 4.838142395019531, "ratio": 1.4698024988174438, "biomass": 427.1770024582869}