{"session": 1, "timestamp": "2025-12-20 13:15:16", "count": 28, "confidence": 0.7858214144195829, "method": "statistical", "duration": 1.7579596042633057, "ratio": 1.6241505146026611, "biomass": 0}