{"session": 1, "timestamp": "2025-12-20 13:59:08", "count": 29, "confidence": 0.7608136042304661, "method": "statistical", "duration": 13.183775901794434, "ratio": 1.3310774564743042, "biomass": 425.7772682789973}