{"session": 1, "timestamp": "2025-11-23 00:42:30", "count": 14, "confidence": 0.6796779284874598, "method": "statistical", "duration": 47.983158826828, "ratio": 1.702069640159607, "biomass": 29.780932891077445}