{"session": 1, "timestamp": "2025-12-20 16:29:52", "count": 29, "confidence": 0.7453807044029236, "method": "statistical", "duration": 17.99798583984375, "ratio": 1.3403050899505615, "biomass": 424.2983014141887}