{"session": 1, "timestamp": "2025-11-22 14:36:39", "count": 19, "confidence": 0.7664156352218828, "method": "statistical", "duration": 29.962395668029785, "ratio": 1.4017058610916138, "biomass": 888.4901215965493}