{"session": 1, "timestamp": "2025-11-23 00:56:16", "count": 28, "confidence": 0.7336507344787772, "method": "statistical", "duration": 44.669090032577515, "ratio": 1.4045466184616089, "biomass": 103.16317592703619}