{"session": 1, "timestamp": "2025-11-22 16:43:51", "count": 18, "confidence": 0.7609737620634192, "method": "statistical", "duration": 29.805174589157104, "ratio": 1.4298622608184814, "biomass": 816.0720403718406}