{"session": 1, "timestamp": "2025-11-23 00:38:44", "count": 14, "confidence": 0.6833110831000588, "method": "statistical", "duration": 47.64902305603027, "ratio": 1.6888962984085083, "biomass": 29.89348784374658}