{"session": 1, "timestamp": "2025-12-20 13:51:02", "count": 29, "confidence": 0.7607607608256133, "method": "statistical", "duration": 14.652995586395264, "ratio": 1.329935073852539, "biomass": 0}