{"session": 1, "timestamp": "2025-11-22 18:39:29", "count": 16, "confidence": 0.7410770867552076, "method": "statistical", "duration": 29.921905994415283, "ratio": 1.2704894542694092, "biomass": 286.9296918616826}