{"session": 1, "timestamp": "2025-11-23 16:39:35", "count": 28, "confidence": 0.7515657639503479, "method": "statistical", "duration": 45.00081920623779, "ratio": 1.5678046941757202, "biomass": 103.16642863255089}