{"session": 1, "timestamp": "2025-12-20 16:53:44", "count": 28, "confidence": 0.7331624993911157, "method": "statistical", "duration": 89.02409934997559, "ratio": 1.5688608884811401, "biomass": 420.56446523504667}