{"session": 1, "timestamp": "2025-11-22 16:34:44", "count": 15, "confidence": 0.7800121665000915, "method": "statistical", "duration": 29.829386949539185, "ratio": 1.3541685342788696, "biomass": 633.7450587915084}