{"session": 1, "timestamp": "2025-11-22 23:58:21", "count": 28, "confidence": 0.7556958698800632, "method": "statistical", "duration": 44.87403202056885, "ratio": 1.5625715255737305, "biomass": 105.06298342917333}