{"session": 1, "timestamp": "2025-11-22 00:44:51", "count": 15, "confidence": 0.7860282381375631, "method": "statistical", "duration": 0, "ratio": 1.2703815698623657, "biomass": 0}