{"session": 1, "timestamp": "2025-12-20 22:14:08", "count": 29, "confidence": 0.7667598599387754, "method": "statistical", "duration": 89.67724871635437, "ratio": 1.5507822036743164, "biomass": 439.2993120304719}