{"session": 1, "timestamp": "2025-12-27 07:55:52", "count": 29, "confidence": 0.7712182526787122, "method": "statistical", "duration": 18.826338052749634, "ratio": 1.3410009145736694, "biomass": 424.8489341696505}