{"session": 1, "timestamp": "2025-12-20 16:13:55", "count": 29, "confidence": 0.75401402592659, "method": "statistical", "duration": 18.06654691696167, "ratio": 1.3402949571609497, "biomass": 424.2983014141887}