{"session": 1, "timestamp": "2025-12-27 10:05:44", "count": 29, "confidence": 0.7641379289005114, "method": "statistical", "duration": 17.679550647735596, "ratio": 1.3278164863586426, "biomass": 422.4213963182036}