{"session": 1, "timestamp": "2025-11-22 14:14:04", "count": 15, "confidence": 0.7868104316294193, "method": "reid", "duration": 0, "ratio": 1.2605314254760742, "biomass": 0}