{"session": 1, "timestamp": "2025-12-20 16:41:49", "count": 29, "confidence": 0.7694207000732421, "method": "statistical", "duration": 16.72782588005066, "ratio": 1.3406428098678589, "biomass": 424.6286810674658}