{"session": 1, "timestamp": "2025-12-27 09:14:57", "count": 29, "confidence": 0.7453807044029236, "method": "statistical", "duration": 17.590482473373413, "ratio": 1.3403050899505615, "biomass": 424.1881748630963}