{"session": 1, "timestamp": "2025-12-27 09:15:32", "count": 29, "confidence": 0.7469952876369158, "method": "statistical", "duration": 15.98607873916626, "ratio": 1.33646821975708, "biomass": 425.74887525863255}