{"session": 1, "timestamp": "2025-12-20 16:45:23", "count": 29, "confidence": 0.7835328628619512, "method": "statistical", "duration": 16.96742343902588, "ratio": 1.340110421180725, "biomass": 425.0691872718352}