{"session": 1, "timestamp": "2025-12-20 21:34:40", "count": 29, "confidence": 0.7418680364886919, "method": "statistical", "duration": 15.131433010101318, "ratio": 1.3905943632125854, "biomass": 419.6628792214533}