{"session": 1, "timestamp": "2025-12-20 15:21:48", "count": 29, "confidence": 0.765327462443599, "method": "statistical", "duration": 0, "ratio": 1.317701816558838, "biomass": 0}