{"session": 1, "timestamp": "2025-11-22 00:30:31", "count": 15, "confidence": 0.7446046583354473, "method": "statistical", "duration": 0, "ratio": 1.2324557304382324, "biomass": 0}