{"session": 1, "timestamp": "2025-11-23 17:11:30", "count": 28, "confidence": 0.7091699242591858, "method": "statistical", "duration": 45.1644971370697, "ratio": 1.5580097436904907, "biomass": 102.70750618516533}