{"session": 1, "timestamp": "2025-11-22 16:47:32", "count": 14, "confidence": 0.7685513475111553, "method": "statistical", "duration": 29.74235725402832, "ratio": 1.1805431842803955, "biomass": 229.4437039305758}