{"session": 1, "timestamp": "2025-12-20 21:20:29", "count": 29, "confidence": 0.7609094452857971, "method": "statistical", "duration": 18.010162353515625, "ratio": 1.3402544260025024, "biomass": 424.51855451637346}