{"session": 1, "timestamp": "2025-12-27 09:22:33", "count": 29, "confidence": 0.7788807128866514, "method": "statistical", "duration": 18.71206760406494, "ratio": 1.3401200771331787, "biomass": 424.95906072074285}