{"session": 1, "timestamp": "2025-11-22 17:19:34", "count": 25, "confidence": 0.7538032298502715, "method": "statistical", "duration": 29.832627296447754, "ratio": 1.3473708629608154, "biomass": 1042.6975750432373}