{"session": 1, "timestamp": "2025-12-20 16:01:57", "count": 29, "confidence": 0.7171552885662426, "method": "statistical", "duration": 32.060322523117065, "ratio": 1.4102489948272705, "biomass": 417.981644790506}