{"session": 1, "timestamp": "2025-11-23 17:12:59", "count": 28, "confidence": 0.7653312434752783, "method": "statistical", "duration": 45.08922600746155, "ratio": 1.4504814147949219, "biomass": 103.12839287274814}