{"session": 1, "timestamp": "2025-11-25 15:55:18", "count": 28, "confidence": 0.7603577890179374, "method": "statistical", "duration": 45.17537069320679, "ratio": 1.4078779220581055, "biomass": 103.23038768444867}