{"session": 1, "timestamp": "2025-12-20 16:51:59", "count": 29, "confidence": 0.7788807128866514, "method": "statistical", "duration": 20.1787109375, "ratio": 1.3401200771331787, "biomass": 424.95906072074285}