{"session": 1, "timestamp": "2025-12-27 11:06:18", "count": 28, "confidence": 0.7741783149540424, "method": "statistical", "duration": 89.47826409339905, "ratio": 1.4962577819824219, "biomass": 417.55058933087685}