{"session": 1, "timestamp": "2025-11-23 16:38:30", "count": 28, "confidence": 0.7454325342178345, "method": "statistical", "duration": 45.02693200111389, "ratio": 1.5692306756973267, "biomass": 103.24722115312699}