{"session": 1, "timestamp": "2025-11-22 14:30:05", "count": 20, "confidence": 0.7630209828677931, "method": "statistical", "duration": 29.85254669189453, "ratio": 1.3709837198257446, "biomass": 0}