{"session": 1, "timestamp": "2025-12-27 09:14:31", "count": 29, "confidence": 0.7434344018499056, "method": "statistical", "duration": 16.496645212173462, "ratio": 1.3373173475265503, "biomass": 425.74887525863255}