{"session": 1, "timestamp": "2025-11-22 20:23:51", "count": 28, "confidence": 0.7432608774730137, "method": "statistical", "duration": 89.89857792854309, "ratio": 1.5437060594558716, "biomass": 1168.0724011571906}