{"session": 1, "timestamp": "2025-11-25 15:51:49", "count": 28, "confidence": 0.7603577890179374, "method": "statistical", "duration": 45.06185507774353, "ratio": 1.4078779220581055, "biomass": 103.23038768444867}