{"session": 1, "timestamp": "2025-11-22 14:19:36", "count": 16, "confidence": 0.6936907600611448, "method": "statistical", "duration": 29.960774183273315, "ratio": 1.2000529766082764, "biomass": 0}