{"session": 1, "timestamp": "2025-11-22 16:48:57", "count": 19, "confidence": 0.7685848003939578, "method": "statistical", "duration": 29.495787620544434, "ratio": 1.4248348474502563, "biomass": 793.0683870609195}