{"session": 1, "timestamp": "2025-12-20 17:04:52", "count": 29, "confidence": 0.7694207000732421, "method": "statistical", "duration": 18.497297048568726, "ratio": 1.3406428098678589, "biomass": 424.6286810674658}