{"session": 1, "timestamp": "2025-12-27 07:47:45", "count": 29, "confidence": 0.7694207000732421, "method": "statistical", "duration": 19.232673168182373, "ratio": 1.3406428098678589, "biomass": 424.6286810674658}