{"session": 1, "timestamp": "2025-11-23 16:13:34", "count": 28, "confidence": 0.7758236041775456, "method": "statistical", "duration": 45.12770700454712, "ratio": 1.5597608089447021, "biomass": 104.99474253623265}