{"session": 1, "timestamp": "2025-12-20 15:42:25", "count": 28, "confidence": 0.7431114253898462, "method": "statistical", "duration": 45.0577609539032, "ratio": 1.4051108360290527, "biomass": 420.62538141519855}