{"session": 1, "timestamp": "2025-12-20 21:36:33", "count": 29, "confidence": 0.7524827615968113, "method": "statistical", "duration": 89.57168531417847, "ratio": 1.5311695337295532, "biomass": 449.18126998905046}