{"session": 1, "timestamp": "2025-12-20 13:38:23", "count": 29, "confidence": 0.7823428022009986, "method": "statistical", "duration": 5.3540167808532715, "ratio": 1.4331107139587402, "biomass": 0}