{"session": 1, "timestamp": "2025-11-22 14:27:30", "count": 16, "confidence": 0.6350224521011114, "method": "statistical", "duration": 29.90705418586731, "ratio": 1.2686556577682495, "biomass": 0}