{"session": 1, "timestamp": "2025-11-22 17:17:09", "count": 23, "confidence": 0.7500622972198154, "method": "statistical", "duration": 29.789932250976562, "ratio": 1.370393991470337, "biomass": 961.5240270639285}