{"session": 1, "timestamp": "2025-12-20 14:04:56", "count": 28, "confidence": 0.7654653994933419, "method": "statistical", "duration": 45.07605218887329, "ratio": 1.4157229661941528, "biomass": 420.3956539565272}