{"session": 1, "timestamp": "2025-12-20 17:06:36", "count": 29, "confidence": 0.7653563345472018, "method": "statistical", "duration": 20.219562292099, "ratio": 1.3150421380996704, "biomass": 425.90976904069976}