{"session": 1, "timestamp": "2025-11-23 16:17:37", "count": 14, "confidence": 0.7147901516694289, "method": "statistical", "duration": 45.05870032310486, "ratio": 1.5460946559906006, "biomass": 29.243198931828747}