{"session": 1, "timestamp": "2025-12-20 22:16:23", "count": 28, "confidence": 0.7551502585411072, "method": "statistical", "duration": 89.91952776908875, "ratio": 1.5682646036148071, "biomass": 430.2067439397677}