{"session": 1, "timestamp": "2025-12-27 10:05:16", "count": 29, "confidence": 0.7703056724175162, "method": "statistical", "duration": 18.11270785331726, "ratio": 1.3366814851760864, "biomass": 425.61982002729695}