{"session": 1, "timestamp": "2025-11-24 07:33:29", "count": 23, "confidence": 0.6729558019534402, "method": "statistical", "duration": 36.719396114349365, "ratio": 1.2948684692382812, "biomass": 37.71265130464978}