{"session": 1, "timestamp": "2025-11-22 18:37:36", "count": 23, "confidence": 0.7732963769332223, "method": "statistical", "duration": 29.720723628997803, "ratio": 1.4088523387908936, "biomass": 971.684996870499}