{"session": 1, "timestamp": "2025-12-20 16:12:33", "count": 29, "confidence": 0.7694207000732421, "method": "statistical", "duration": 18.476597547531128, "ratio": 1.3406428098678589, "biomass": 424.6286810674658}