{"session": 1, "timestamp": "2025-12-20 16:22:20", "count": 29, "confidence": 0.7712182526787122, "method": "statistical", "duration": 18.82298994064331, "ratio": 1.3410009145736694, "biomass": 424.8489341696505}